Full URL,Slug,Page Title,Date Created,Status of Indexing,Sitemap.xml Priority
https://www.credsettle.com/how-to-convince-bank-for-one-time-settlement,/how-to-convince-bank-for-one-time-settlement,"How to Convince Bank for One Time Settlement: Complete OTS Negotiation Guide",03-09-2026,Submitted in Sitemap.xml (Pending Google Indexing),0.95
https://www.credsettle.com/can-i-pay-settlement-amount-in-emi,/can-i-pay-settlement-amount-in-emi,"Can I Pay Settlement Amount in EMI? Staged OTS Guide",03-09-2026,Submitted in Sitemap.xml (Pending Google Indexing),0.95
https://www.credsettle.com/what-happens-if-i-default-on-settlement-agreement,/what-happens-if-i-default-on-settlement-agreement,"What Happens If You Default on a Settlement Agreement? (OTS Guide)",03-09-2026,Submitted in Sitemap.xml (Pending Google Indexing),0.95
https://www.credsettle.com/can-loan-defaulter-go-abroad,/can-loan-defaulter-go-abroad,"Can Loan Defaulter Go Abroad? Legal Rights & Airport Rules",03-09-2026,Submitted in Sitemap.xml (Pending Google Indexing),0.95
https://www.credsettle.com/bank-demanding-full-payment-for-loan-closure,/bank-demanding-full-payment-for-loan-closure,"Bank Demanding Full Payment for Loan Closure? (How to Settle)",03-09-2026,Submitted in Sitemap.xml (Pending Google Indexing),0.95
https://www.credsettle.com/will-bank-waive-off-interest-on-personal-loan,/will-bank-waive-off-interest-on-personal-loan,"Will Bank Waive Off Interest on Personal Loan? (Legal Waiver Guide)",03-09-2026,Submitted in Sitemap.xml (Pending Google Indexing),0.95
https://www.credsettle.com/does-loan-settlement-mean-debt-is-forgiven,/does-loan-settlement-mean-debt-is-forgiven,"Does Loan Settlement Mean Debt is Forgiven? Legal Finality & NDC Guide",03-09-2026,Submitted in Sitemap.xml (Pending Google Indexing),0.95
https://www.credsettle.com/can-i-settle-loan-before-npa,/can-i-settle-loan-before-npa,"Can I Settle Loan Before NPA? (SMA Stages & Settlement Rules)",03-09-2026,Submitted in Sitemap.xml (Pending Google Indexing),0.95
https://www.credsettle.com/how-to-write-a-hardship-letter-for-loan-settlement,/how-to-write-a-hardship-letter-for-loan-settlement,"How to Write a Hardship Letter for Loan Settlement (Bank Guide)",03-09-2026,Submitted in Sitemap.xml (Pending Google Indexing),0.95
https://www.credsettle.com/can-bank-deduct-money-from-another-account,/can-bank-deduct-money-from-another-account,"Can Bank Deduct Money from Another Account? (Legal Rules & Set-Off Defense)",03-09-2026,Submitted in Sitemap.xml (Pending Google Indexing),0.95
https://www.credsettle.com/navi-loan-default-harassment,/navi-loan-default-harassment,"Navi Loan Default Harassment: Stop Recovery Threats & Settle Legally",02-09-2026,Submitted in Sitemap.xml (Pending Google Indexing),0.95
https://www.credsettle.com/kreditbee-recovery-agent-harassment,/kreditbee-recovery-agent-harassment,"KreditBee Recovery Agent Harassment: Complaint, RBI Rules & Settlement",02-09-2026,Submitted in Sitemap.xml (Pending Google Indexing),0.95
https://www.credsettle.com/credit-card-minimum-due-trap,/credit-card-minimum-due-trap,"How to Escape Credit Card Minimum Due Trap (Debt Settlement Guide)",02-09-2026,Submitted in Sitemap.xml (Pending Google Indexing),0.95
https://www.credsettle.com/credit-card-settlement-process,/credit-card-settlement-process,"Credit Card Settlement Process in India: Step-by-Step Legal Guide",02-09-2026,Submitted in Sitemap.xml (Pending Google Indexing),0.95
https://www.credsettle.com/credit-card-legal-notice-format,/credit-card-legal-notice-format,"Credit Card Legal Notice Format and Reply: Complete Legal Defense Guide",02-09-2026,Submitted in Sitemap.xml (Pending Google Indexing),0.95
https://www.credsettle.com/settle-multiple-credit-cards,/settle-multiple-credit-cards,"How to Settle Multiple Credit Cards at Once: Multi-Bank Legal Strategy",02-09-2026,Submitted in Sitemap.xml (Pending Google Indexing),0.95
https://www.credsettle.com/credit-card-default-after-5-years,/credit-card-default-after-5-years,"Credit Card Default After 5 Years: Limitation Act & Legal Settlement",02-09-2026,Submitted in Sitemap.xml (Pending Google Indexing),0.95
https://www.credsettle.com/stop-credit-card-recovery-calls,/stop-credit-card-recovery-calls,"How to Stop Credit Card Recovery Calls Immediately (Legal Guide)",02-09-2026,Submitted in Sitemap.xml (Pending Google Indexing),0.95
https://www.credsettle.com/credit-card-settlement-discount,/credit-card-settlement-discount,"How Much Discount Can I Get on Credit Card Settlement? (50% to 75% Waiver Guide)",02-09-2026,Submitted in Sitemap.xml (Pending Google Indexing),0.95
https://www.credsettle.com/credit-card-npa-timeline,/credit-card-npa-timeline,"When Does a Credit Card Become NPA? Delinquency Stages & Settlement Timeline",02-09-2026,Submitted in Sitemap.xml (Pending Google Indexing),0.95
https://www.credsettle.com/credit-card-settlement-calculator,/credit-card-settlement-calculator,"Credit Card Settlement Calculator: Estimate Waiver & Payout in India",02-09-2026,Submitted in Sitemap.xml (Pending Google Indexing),0.95
https://www.credsettle.com/credit-card-debt-consolidation,/credit-card-debt-consolidation,"Credit Card Debt Consolidation in India: Loans vs Settlement Guide",02-09-2026,Submitted in Sitemap.xml (Pending Google Indexing),0.95
https://www.credsettle.com/business-loan-settlement-process,/business-loan-settlement-process,"Business Loan Settlement Process in India | Legal & OTS Guide",01-09-2026,Submitted in Sitemap.xml (Pending Google Indexing),0.95
https://www.credsettle.com/msme-loan-default-legal-action,/msme-loan-default-legal-action,"MSME Loan Default Legal Action: Defense Under MSMED Act, CGTMSE & RBI",01-09-2026,Submitted in Sitemap.xml (Pending Google Indexing),0.95
https://www.credsettle.com/gold-loan-default-auction,/gold-loan-default-auction,"Gold Loan Default: Can Bank Auction My Gold? (Borrower Legal Rights)",01-09-2026,Submitted in Sitemap.xml (Pending Google Indexing),0.95
https://www.credsettle.com/car-loan-default-vehicle-seizure,/car-loan-default-vehicle-seizure,"Car Loan Default & Vehicle Seizure by Bank: Legal Rights & Protection",01-09-2026,Submitted in Sitemap.xml (Pending Google Indexing),0.95
https://www.credsettle.com/two-wheeler-bike-loan-settlement,/two-wheeler-bike-loan-settlement,"Two Wheeler & Bike Loan Settlement: Stop Harassment & Seizure",01-09-2026,Submitted in Sitemap.xml (Pending Google Indexing),0.95
https://www.credsettle.com/education-loan-settlement,/education-loan-settlement,"Education Loan Settlement in India | Legal OTS & Co-Borrower Protection",01-09-2026,Submitted in Sitemap.xml (Pending Google Indexing),0.95
https://www.credsettle.com/mudra-loan-default-consequences,/mudra-loan-default-consequences,"Mudra Loan Default Consequences in India | Legal Realities & OTS Guide",01-09-2026,Submitted in Sitemap.xml (Pending Google Indexing),0.95
https://www.credsettle.com/home-loan-default-sarfaesi-act,/home-loan-default-sarfaesi-act,"Home Loan Default: How to Stop SARFAESI Property Auctions",01-09-2026,Submitted in Sitemap.xml (Pending Google Indexing),0.95
https://www.credsettle.com/nri-credit-card-debt-settlement,/nri-credit-card-debt-settlement,"NRI Credit Card Debt Settlement India | Remote Legal Defense & Loan Resolution",01-09-2026,Submitted in Sitemap.xml (Pending Google Indexing),0.95
https://www.credsettle.com/consumer-durable-loan-default,/consumer-durable-loan-default,"Consumer Durable Mobile Loan Default: Legal Rights & Settlement",01-09-2026,Submitted in Sitemap.xml (Pending Google Indexing),0.95
https://www.credsettle.com/can-i-go-to-jail-for-credit-card-debt,/can-i-go-to-jail-for-credit-card-debt,"Can I Go to Jail for Credit Card Debt in India? Legal Rights & Protection",01-09-2026,Submitted in Sitemap.xml (Pending Google Indexing),0.95
https://www.credsettle.com/police-complaint-against-bank-recovery-agent,/police-complaint-against-bank-recovery-agent,"How to File a Police Complaint Against a Bank Recovery Agent",01-09-2026,Submitted in Sitemap.xml (Pending Google Indexing),0.95
https://www.credsettle.com/is-it-legal-to-record-recovery-agent-calls,/is-it-legal-to-record-recovery-agent-calls,"Is It Legal to Record Recovery Agent Calls in India? (Evidence Rules)",01-09-2026,Submitted in Sitemap.xml (Pending Google Indexing),0.95
https://www.credsettle.com/does-loan-settlement-affect-government-job,/does-loan-settlement-affect-government-job,"Does Loan Settlement Affect Government Job? UPSC, SSC & Bank Rules",01-09-2026,Submitted in Sitemap.xml (Pending Google Indexing),0.95
https://www.credsettle.com/loan-settlement-fraud-alert,/loan-settlement-fraud-alert,"Loan Settlement Fraud Alert: Spot Fake Agencies & Scam Red Flags",01-09-2026,Submitted in Sitemap.xml (Pending Google Indexing),0.95
https://www.credsettle.com/personal-loan-na-chukane-par-kya-hota-hai,/personal-loan-na-chukane-par-kya-hota-hai,"Personal Loan Na Chukane Par Kya Hota Hai? (Legal Rights & OTS Guide)",01-09-2026,Submitted in Sitemap.xml (Pending Google Indexing),0.95
https://www.credsettle.com/bank-recovery-agent-harassment-rules-in-hindi,/bank-recovery-agent-harassment-rules-in-hindi,"Bank Recovery Agent Harassment Rules in Hindi: RBI Guidelines & Legal Rights",01-09-2026,Submitted in Sitemap.xml (Pending Google Indexing),0.95
https://www.credsettle.com/lok-adalat-notice-kya-hota-hai,/lok-adalat-notice-kya-hota-hai,"Lok Adalat Notice Kya Hota Hai? Loan Settlement & Legal Rights",01-09-2026,Submitted in Sitemap.xml (Pending Google Indexing),0.95
https://www.credsettle.com/credit-card-settlement-kaise-hota-hai,/credit-card-settlement-kaise-hota-hai,"Credit Card Settlement Kaise Hota Hai? Step-by-Step Legal Guide & Math",01-09-2026,Submitted in Sitemap.xml (Pending Google Indexing),0.95
https://www.credsettle.com/cibil-score-kaise-badhaye-after-settlement,/cibil-score-kaise-badhaye-after-settlement,"CIBIL Score Kaise Badhaye After Settlement? (Full 750+ Guide)",01-09-2026,Submitted in Sitemap.xml (Pending Google Indexing),0.95